{"cameraMode":{"drawMode":0,"name":"Shaded","section":"Shading Mode"},"sceneLighting":true,"audioPlay":false,"sceneViewState":{"m_AlwaysRefresh":false,"showFog":true,"showSkybox":true,"showFlares":true,"showImageEffects":true,"showParticleSystems":true,"showVisualEffectGraphs":true,"m_FxEnabled":true},"in2DMode":false,"pivot":{"x":-1.3276950120925904,"y":2.4274113178253176,"z":3.0230660438537599},"rotation":{"x":-0.22039829194545747,"y":0.026914628222584726,"z":-0.0060841962695121769,"w":-0.9750179052352905},"size":3.866024971008301,"orthographic":false}